201,Azure,Main Club Building
202,Azure,Main Club Building
203,Azure,Main Club Building
204,Azure,Main Club Building
205,Azure,Main Club Building
206,Azure,Main Club Building
207,Azure,Main Club Building
208,Azure,Main Club Building
209,Azure,Food Court
210,Azure,Food Court
211,Azure,Food Court
212,Azure,Food Court
213,Azure,Food Court
214,Azure,Food Court
215,Azure,Food Court
216,Azure,Food Court
217,Sail In Sea,Food Court
218,Sail In Sea,Food Court
219,Sail In Sea,Food Court
220,Sail In Sea,Food Court
221,Sail In Sea,Food Court
222,Sail In Sea,Food Court
223,Sail In Sea,Food Court
224,Sail In Sea,Food Court
225,Dominos,Food Court
226,Dominos,Food Court
227,Dominos,Food Court
228,Dominos,Food Court
229,Dominos,Food Court
230,Dominos,Food Court
231,Dominos,Food Court
232,Dominos,Food Court
233,Buffalo Burger,Food Court
234,Buffalo Burger,Food Court
235,Buffalo Burger,Food Court
236,Buffalo Burger,Food Court
237,Buffalo Burger,Food Court
238,Buffalo Burger,Food Court
239,Dolato,Poolside
240,Dolato,Poolside
241,Dolato,Poolside
242,Dolato,Poolside
243,Dolato,Poolside
244,Dolato,Poolside
245,VAMOS,Main Club Building
246,VAMOS,Main Club Building
247,VAMOS,Main Club Building
248,VAMOS,Main Club Building
249,VAMOS,Main Club Building
250,VAMOS,Poolside
251,VAMOS,Poolside
252,VAMOS,Poolside
253,VAMOS,Poolside
254,VAMOS,Poolside
255,VAMOS,Club Track
256,VAMOS,Club Track
257,VAMOS,Club Track
258,VAMOS,Club Track
259,VAMOS,Club Track
260,Costa Coffee,Food Court
261,Costa Coffee,Food Court
262,Costa Coffee,Food Court
263,Costa Coffee,Food Court
264,Costa Coffee,Food Court
265,Costa Coffee,Food Court
266,Costa Coffee,Food Court
267,Costa Coffee,Food Court